measure_id,measure_name,location_id,location_name,sex_id,sex_name,age_id,age_name,cause_id,cause_name,metric_id,metric_name,year,val,upper,lower
6,Incidence,94,Switzerland,3,Both,22,All Ages,571,Anxiety disorders,1,Number,2016,69127.64652930248,84709.14118708973,55084.75220834256
6,Incidence,94,Switzerland,3,Both,22,All Ages,571,Anxiety disorders,2,Percent,2016,0.0016328638243498978,0.0020152771265470756,0.0013005573088888868
6,Incidence,94,Switzerland,3,Both,22,All Ages,571,Anxiety disorders,3,Rate,2016,811.3637407485344,994.2465731133922,646.5397399435797
6,Incidence,1,Global,3,Both,22,All Ages,571,Anxiety disorders,1,Number,2016,44031654.77596904,53583293.72509709,35498109.945825875
6,Incidence,1,Global,3,Both,22,All Ages,571,Anxiety disorders,2,Percent,2016,0.0011435630423865227,0.0013971814204089034,0.0009180666884725079
6,Incidence,1,Global,3,Both,22,All Ages,571,Anxiety disorders,3,Rate,2016,587.5145887494007,714.9621547705264,473.6514576232825
6,Incidence,1,Global,3,Both,22,All Ages,558,Mental disorders,1,Number,2016,355384024.88583386,392515395.929984,321111333.4205166
6,Incidence,1,Global,3,Both,22,All Ages,558,Mental disorders,2,Percent,2016,0.009230906044787528,0.010263006011198535,0.00820699368547884
6,Incidence,1,Global,3,Both,22,All Ages,558,Mental disorders,3,Rate,2016,4741.890812217661,5237.334880801956,4284.590119476712
6,Incidence,80,France,3,Both,22,All Ages,571,Anxiety disorders,1,Number,2016,506269.54333397956,628373.8250360028,400156.39751839964
6,Incidence,80,France,3,Both,22,All Ages,571,Anxiety disorders,2,Percent,2016,0.0015525625226557086,0.0019570205673699486,0.001224690001270893
6,Incidence,80,France,3,Both,22,All Ages,571,Anxiety disorders,3,Rate,2016,771.8320675229064,957.9858692681961,610.0575152027221
6,Incidence,94,Switzerland,3,Both,22,All Ages,558,Mental disorders,1,Number,2017,511690.2942396448,561152.4389065211,462963.30228933657
6,Incidence,94,Switzerland,3,Both,22,All Ages,558,Mental disorders,2,Percent,2017,0.011954255156992537,0.013256344711649853,0.010584955454432653
6,Incidence,94,Switzerland,3,Both,22,All Ages,558,Mental disorders,3,Rate,2017,5944.138356054214,6518.723871153677,5378.092868993789
6,Incidence,80,France,3,Both,22,All Ages,558,Mental disorders,1,Number,2016,4044376.65994383,4508000.57592055,3627721.3400752717
6,Incidence,80,France,3,Both,22,All Ages,558,Mental disorders,2,Percent,2016,0.012403700952840054,0.013963685270524067,0.010906816030634169
6,Incidence,80,France,3,Both,22,All Ages,558,Mental disorders,3,Rate,2016,6165.845132079309,6872.661906528876,5530.634222766482
6,Incidence,81,Germany,3,Both,22,All Ages,571,Anxiety disorders,1,Number,2016,625380.3357313967,773313.5717999064,502189.5437701772
6,Incidence,81,Germany,3,Both,22,All Ages,571,Anxiety disorders,2,Percent,2016,0.001447882320116394,0.0018124111399398348,0.001151739940946599
6,Incidence,81,Germany,3,Both,22,All Ages,571,Anxiety disorders,3,Rate,2016,749.1804663729351,926.3985278590658,601.6028568748368
6,Incidence,81,Germany,3,Both,22,All Ages,558,Mental disorders,1,Number,2016,4737522.571663818,5200832.3849428715,4293909.726636188
6,Incidence,81,Germany,3,Both,22,All Ages,558,Mental disorders,2,Percent,2016,0.01096949119247859,0.012258738157022851,0.009756874274037233
6,Incidence,81,Germany,3,Both,22,All Ages,558,Mental disorders,3,Rate,2016,5675.361323186581,6230.387828107964,5143.930993292791
6,Incidence,94,Switzerland,3,Both,22,All Ages,571,Anxiety disorders,1,Number,2017,69096.5691762315,85244.04497229423,55143.30012999793
6,Incidence,94,Switzerland,3,Both,22,All Ages,571,Anxiety disorders,2,Percent,2017,0.0016140861621846481,0.0019986064800421133,0.0012826324039455377
6,Incidence,94,Switzerland,3,Both,22,All Ages,571,Anxiety disorders,3,Rate,2017,802.6721861560943,990.2521174414064,640.5816351650749
6,Incidence,94,Switzerland,3,Both,22,All Ages,558,Mental disorders,1,Number,2016,506609.11133830866,555335.2182745942,460552.15375177044
6,Incidence,94,Switzerland,3,Both,22,All Ages,558,Mental disorders,2,Percent,2016,0.01196776089094921,0.013278709274045683,0.01062316962837546
6,Incidence,94,Switzerland,3,Both,22,All Ages,558,Mental disorders,3,Rate,2016,5946.1631389187205,6518.07030458766,5405.5842638796275
6,Incidence,1,Global,3,Both,22,All Ages,558,Mental disorders,1,Number,2018,366074222.3447,404936437.73996854,330199438.0783832
6,Incidence,1,Global,3,Both,22,All Ages,558,Mental disorders,2,Percent,2018,0.009254089797660063,0.010307490883626707,0.008201656791203918
6,Incidence,1,Global,3,Both,22,All Ages,558,Mental disorders,3,Rate,2018,4779.932212838476,5287.3668910857705,4311.505247823355
6,Incidence,1,Global,3,Both,22,All Ages,571,Anxiety disorders,1,Number,2017,44643929.35309999,54320361.29897236,35972859.92455945
6,Incidence,1,Global,3,Both,22,All Ages,571,Anxiety disorders,2,Percent,2017,0.001143781029406947,0.0013990974702109268,0.0009192965879120061
6,Incidence,1,Global,3,Both,22,All Ages,571,Anxiety disorders,3,Rate,2017,589.1247756435604,716.8157267257237,474.70066679607237
6,Incidence,86,Italy,3,Both,22,All Ages,571,Anxiety disorders,1,Number,2016,435865.697360806,527676.1307806952,355021.2033698068
6,Incidence,86,Italy,3,Both,22,All Ages,571,Anxiety disorders,2,Percent,2016,0.001504016551074081,0.0018283374995496332,0.001224063161306186
6,Incidence,86,Italy,3,Both,22,All Ages,571,Anxiety disorders,3,Rate,2016,718.17186848165,869.4470684217155,584.9651452695967
6,Incidence,1,Global,3,Both,22,All Ages,571,Anxiety disorders,1,Number,2018,45225072.97801386,54975638.03421298,36538612.14867278
6,Incidence,1,Global,3,Both,22,All Ages,571,Anxiety disorders,2,Percent,2018,0.0011431155523656767,0.001399645214782488,0.0009178926793126198
6,Incidence,1,Global,3,Both,22,All Ages,571,Anxiety disorders,3,Rate,2018,590.516266813314,717.8320873782967,477.0947489916342
6,Incidence,86,Italy,3,Both,22,All Ages,571,Anxiety disorders,1,Number,2017,431306.43235538463,520812.5525986078,350774.0126207015
6,Incidence,86,Italy,3,Both,22,All Ages,571,Anxiety disorders,2,Percent,2017,0.0014896398198738564,0.0018149800261699546,0.0012080932571422256
6,Incidence,86,Italy,3,Both,22,All Ages,571,Anxiety disorders,3,Rate,2017,711.8215682670099,859.5411061674541,578.9120890393845
6,Incidence,75,Austria,3,Both,22,All Ages,558,Mental disorders,1,Number,2017,437741.3379958248,490308.8315813473,389783.9998672197
6,Incidence,75,Austria,3,Both,22,All Ages,558,Mental disorders,2,Percent,2017,0.009690802725782608,0.010958908082108424,0.008509959679668479
6,Incidence,75,Austria,3,Both,22,All Ages,558,Mental disorders,3,Rate,2017,4973.30065721394,5570.534520467363,4428.4440477714525
6,Incidence,86,Italy,3,Both,22,All Ages,558,Mental disorders,1,Number,2016,3581360.1247068364,3993219.2738108085,3204737.982830558
6,Incidence,86,Italy,3,Both,22,All Ages,558,Mental disorders,2,Percent,2016,0.012358521844103182,0.013896035138287195,0.010877179892089086
6,Incidence,86,Italy,3,Both,22,All Ages,558,Mental disorders,3,Rate,2016,5900.973873466525,6579.590374958299,5280.417062089495
6,Incidence,75,Austria,3,Both,22,All Ages,558,Mental disorders,1,Number,2018,440634.521248803,491495.9100575744,395214.42785329977
6,Incidence,75,Austria,3,Both,22,All Ages,558,Mental disorders,2,Percent,2018,0.009699645215490929,0.010867213750452694,0.00851573993594799
6,Incidence,75,Austria,3,Both,22,All Ages,558,Mental disorders,3,Rate,2018,4972.688823173594,5546.674399572985,4460.109849253871
6,Incidence,75,Austria,3,Both,22,All Ages,558,Mental disorders,1,Number,2016,435247.4202066785,487699.33987975994,389093.2899654636
6,Incidence,75,Austria,3,Both,22,All Ages,558,Mental disorders,2,Percent,2016,0.009713068345546676,0.01099027694233386,0.008549621574466511
6,Incidence,75,Austria,3,Both,22,All Ages,558,Mental disorders,3,Rate,2016,4980.567828260834,5580.778953073982,4452.422765134213
6,Incidence,86,Italy,3,Both,22,All Ages,558,Mental disorders,1,Number,2017,3578229.3547525834,3990226.551511825,3199977.7061119652
6,Incidence,86,Italy,3,Both,22,All Ages,558,Mental disorders,2,Percent,2017,0.012358942238644364,0.013909624007979904,0.010869883855403613
6,Incidence,86,Italy,3,Both,22,All Ages,558,Mental disorders,3,Rate,2017,5905.4552398150345,6585.409139684372,5281.1944787024
6,Incidence,75,Austria,3,Both,22,All Ages,571,Anxiety disorders,1,Number,2016,65384.47357073571,81544.17894381925,51992.73848192087
6,Incidence,75,Austria,3,Both,22,All Ages,571,Anxiety disorders,2,Percent,2016,0.001459036163109641,0.0018339754839842809,0.0011571295889644373
6,Incidence,75,Austria,3,Both,22,All Ages,571,Anxiety disorders,3,Rate,2016,748.1992779636473,933.1159597377412,594.956681106276
6,Incidence,1,Global,3,Both,22,All Ages,558,Mental disorders,1,Number,2017,360682917.15077114,398667748.1573411,325513953.1805103
6,Incidence,1,Global,3,Both,22,All Ages,558,Mental disorders,2,Percent,2017,0.009241834868380646,0.01028115028053439,0.008222559162945151
6,Incidence,1,Global,3,Both,22,All Ages,558,Mental disorders,3,Rate,2017,4759.5999215100055,5260.850715713457,4295.507528460877
6,Incidence,75,Austria,3,Both,22,All Ages,571,Anxiety disorders,1,Number,2017,65457.05169696583,80862.04377712408,52211.726617676424
6,Incidence,75,Austria,3,Both,22,All Ages,571,Anxiety disorders,2,Percent,2017,0.0014490227445802272,0.0018037422154677607,0.0011499642412854257
6,Incidence,75,Austria,3,Both,22,All Ages,571,Anxiety disorders,3,Rate,2017,743.6757051875965,918.6960895712101,593.1918961339708
6,Incidence,80,France,3,Both,22,All Ages,558,Mental disorders,1,Number,2017,4065353.819597385,4579352.409908507,3647090.4834038536
6,Incidence,80,France,3,Both,22,All Ages,558,Mental disorders,2,Percent,2017,0.012440315303815055,0.014095979283680386,0.010926338233324395
6,Incidence,80,France,3,Both,22,All Ages,558,Mental disorders,3,Rate,2017,6176.285729949094,6957.177701331533,5540.839471313518
6,Incidence,75,Austria,3,Both,22,All Ages,571,Anxiety disorders,1,Number,2018,65606.5053397214,81442.78555557082,52468.35202375897
6,Incidence,75,Austria,3,Both,22,All Ages,571,Anxiety disorders,2,Percent,2018,0.0014440172162715295,0.0018007138354998817,0.0011470673248283726
6,Incidence,75,Austria,3,Both,22,All Ages,571,Anxiety disorders,3,Rate,2018,740.3885081579899,919.105539694278,592.1206240024994
6,Incidence,80,France,3,Both,22,All Ages,571,Anxiety disorders,1,Number,2019,504517.7620932876,625071.3468610644,395911.59656868665
6,Incidence,80,France,3,Both,22,All Ages,571,Anxiety disorders,2,Percent,2019,0.0015342661412314897,0.0019235619711182878,0.0012029500055980248
6,Incidence,80,France,3,Both,22,All Ages,571,Anxiety disorders,3,Rate,2019,762.0617513604792,944.1549953321929,598.0147922111598
6,Incidence,81,Germany,3,Both,22,All Ages,571,Anxiety disorders,1,Number,2019,625590.5215226654,775336.1680163207,498510.33967260085
6,Incidence,81,Germany,3,Both,22,All Ages,571,Anxiety disorders,2,Percent,2019,0.0014246739069530099,0.0017884107973209465,0.0011330736576100969
6,Incidence,81,Germany,3,Both,22,All Ages,571,Anxiety disorders,3,Rate,2019,736.7337659762713,913.0834232749477,587.0763499280403
6,Incidence,81,Germany,3,Both,22,All Ages,558,Mental disorders,1,Number,2017,4747970.770979936,5256835.611984067,4281655.927955646
6,Incidence,81,Germany,3,Both,22,All Ages,558,Mental disorders,2,Percent,2017,0.010902758578059562,0.012249104774708435,0.00962598974366241
6,Incidence,81,Germany,3,Both,22,All Ages,558,Mental disorders,3,Rate,2017,5644.535891647622,6249.49030219311,5090.166247178351
6,Incidence,80,France,3,Both,22,All Ages,571,Anxiety disorders,1,Number,2018,503756.67453287996,621744.5353799744,398798.6483463203
6,Incidence,80,France,3,Both,22,All Ages,571,Anxiety disorders,2,Percent,2018,0.001536850157854137,0.001921030225444501,0.0012107086547280949
6,Incidence,80,France,3,Both,22,All Ages,571,Anxiety disorders,3,Rate,2018,762.9868930677228,941.6906123800427,604.0180846110184
6,Incidence,80,France,3,Both,22,All Ages,558,Mental disorders,1,Number,2019,4100149.7800986283,4596689.501168808,3631197.3459888073
6,Incidence,80,France,3,Both,22,All Ages,558,Mental disorders,2,Percent,2019,0.01247005961930163,0.014089383692256048,0.010890994570744722
6,Incidence,80,France,3,Both,22,All Ages,558,Mental disorders,3,Rate,2019,6193.176052510312,6943.187167854986,5484.834860002583
6,Incidence,80,France,3,Both,22,All Ages,571,Anxiety disorders,1,Number,2017,503944.4799264712,622879.0373365218,399545.9530356507
6,Incidence,80,France,3,Both,22,All Ages,571,Anxiety disorders,2,Percent,2017,0.001542040427742671,0.001937142954009552,0.001218436273812627
6,Incidence,80,France,3,Both,22,All Ages,571,Anxiety disorders,3,Rate,2017,765.617271749481,946.3085085585459,607.0098883637615
6,Incidence,81,Germany,3,Both,22,All Ages,571,Anxiety disorders,1,Number,2018,624979.3079315802,774638.1895590874,503109.85210729245
6,Incidence,81,Germany,3,Both,22,All Ages,571,Anxiety disorders,2,Percent,2018,0.0014267095679126962,0.001774900384629407,0.0011399990043035398
6,Incidence,81,Germany,3,Both,22,All Ages,571,Anxiety disorders,3,Rate,2018,738.61967485441,915.4911217709943,594.5906219029902
6,Incidence,81,Germany,3,Both,22,All Ages,558,Mental disorders,1,Number,2019,4719142.766589405,5279365.792514471,4178474.943251638
6,Incidence,81,Germany,3,Both,22,All Ages,558,Mental disorders,2,Percent,2019,0.01074854036232938,0.012121329604321284,0.009362926115024496
6,Incidence,81,Germany,3,Both,22,All Ages,558,Mental disorders,3,Rate,2019,5557.551949711132,6217.304943845081,4920.828361475957
6,Incidence,94,Switzerland,3,Both,22,All Ages,571,Anxiety disorders,1,Number,2019,69812.47213746677,84842.98697269124,55476.091846541596
6,Incidence,94,Switzerland,3,Both,22,All Ages,571,Anxiety disorders,2,Percent,2019,0.001596175673895958,0.001963367362424722,0.0012635132029512797
6,Incidence,94,Switzerland,3,Both,22,All Ages,571,Anxiety disorders,3,Rate,2019,795.5652500373302,966.8491900979155,632.1914914298185
6,Incidence,94,Switzerland,3,Both,22,All Ages,571,Anxiety disorders,1,Number,2018,69400.8756157639,84786.21393114126,55186.24577695652
6,Incidence,94,Switzerland,3,Both,22,All Ages,571,Anxiety disorders,2,Percent,2018,0.0016038438557160774,0.0019815316751539956,0.0012740877963050515
6,Incidence,94,Switzerland,3,Both,22,All Ages,571,Anxiety disorders,3,Rate,2018,798.3109884983598,975.2869204294083,634.801593305959
6,Incidence,94,Switzerland,3,Both,22,All Ages,558,Mental disorders,1,Number,2019,519533.8212738568,569321.156478207,468112.22777442227
6,Incidence,94,Switzerland,3,Both,22,All Ages,558,Mental disorders,2,Percent,2019,0.011879242512661346,0.013244467521902344,0.010527423916311484
6,Incidence,94,Switzerland,3,Both,22,All Ages,558,Mental disorders,3,Rate,2019,5920.475837193057,6487.839698804311,5334.488381983881
6,Incidence,81,Germany,3,Both,22,All Ages,571,Anxiety disorders,1,Number,2017,624139.2792313974,775038.4329743952,499185.50854265137
6,Incidence,81,Germany,3,Both,22,All Ages,571,Anxiety disorders,2,Percent,2017,0.0014330106944795333,0.0017819659530340396,0.0011443354761372594
6,Incidence,81,Germany,3,Both,22,All Ages,571,Anxiety disorders,3,Rate,2017,741.9962617591242,921.3898870374469,593.4473179113158
6,Incidence,80,France,3,Both,22,All Ages,558,Mental disorders,1,Number,2018,4083090.550756601,4570416.4136963645,3662006.5390501716
6,Incidence,80,France,3,Both,22,All Ages,558,Mental disorders,2,Percent,2018,0.012457574943477852,0.01401557969533512,0.01098951525849332
6,Incidence,80,France,3,Both,22,All Ages,558,Mental disorders,3,Rate,2018,6184.224906448599,6922.3257890239765,5546.453541711253
6,Incidence,75,Austria,3,Both,22,All Ages,571,Anxiety disorders,1,Number,2019,65706.13776785988,81503.9298401137,52971.69911552417
6,Incidence,75,Austria,3,Both,22,All Ages,571,Anxiety disorders,2,Percent,2019,0.0014403761073697515,0.0018059456084548887,0.0011463637969883187
6,Incidence,75,Austria,3,Both,22,All Ages,571,Anxiety disorders,3,Rate,2019,736.9310321570443,914.1120933653475,594.1071904459176
6,Incidence,1,Global,3,Both,22,All Ages,558,Mental disorders,1,Number,2019,371486187.0732007,411965384.2972757,333969513.1914084
6,Incidence,1,Global,3,Both,22,All Ages,558,Mental disorders,2,Percent,2019,0.009246206642526827,0.010295416791947638,0.008151382241929633
6,Incidence,1,Global,3,Both,22,All Ages,558,Mental disorders,3,Rate,2019,4801.135839486131,5324.294253739197,4316.265462551513
6,Incidence,86,Italy,3,Both,22,All Ages,571,Anxiety disorders,1,Number,2019,425749.98786041257,512965.6254782056,345013.5778583545
6,Incidence,86,Italy,3,Both,22,All Ages,571,Anxiety disorders,2,Percent,2019,0.0014649684413217418,0.0017730261686887297,0.001192434272759794
6,Incidence,86,Italy,3,Both,22,All Ages,571,Anxiety disorders,3,Rate,2019,705.8988744768114,850.5035067413285,572.0368836963522
6,Incidence,94,Switzerland,3,Both,22,All Ages,558,Mental disorders,1,Number,2018,515899.5777610581,564722.7836675729,470283.73733415763
6,Incidence,94,Switzerland,3,Both,22,All Ages,558,Mental disorders,2,Percent,2018,0.011923415476073902,0.013246141543585496,0.010638127466517861
6,Incidence,94,Switzerland,3,Both,22,All Ages,558,Mental disorders,3,Rate,2018,5934.338698671526,6495.946912156887,5409.624473681101
6,Incidence,86,Italy,3,Both,22,All Ages,571,Anxiety disorders,1,Number,2018,428326.5720378126,516476.33970243204,347989.79031810985
6,Incidence,86,Italy,3,Both,22,All Ages,571,Anxiety disorders,2,Percent,2018,0.001478689069954938,0.001794625683199408,0.0012013804166620754
6,Incidence,86,Italy,3,Both,22,All Ages,571,Anxiety disorders,3,Rate,2018,708.3813289703102,854.1664696623864,575.5175752016628
6,Incidence,86,Italy,3,Both,22,All Ages,558,Mental disorders,1,Number,2019,3623825.1252960074,4040384.7705717753,3241059.0867303167
6,Incidence,86,Italy,3,Both,22,All Ages,558,Mental disorders,2,Percent,2019,0.012469515982724144,0.014035926851907379,0.010964088080232037
6,Incidence,86,Italy,3,Both,22,All Ages,558,Mental disorders,3,Rate,2019,6008.3479746003695,6699.0091446226015,5373.717032696372
6,Incidence,1,Global,3,Both,22,All Ages,571,Anxiety disorders,1,Number,2019,45821085.56508017,55624209.43864917,37137079.52992278
6,Incidence,1,Global,3,Both,22,All Ages,571,Anxiety disorders,2,Percent,2019,0.0011403318368755078,0.0013947869157683033,0.0009166263483571326
6,Incidence,1,Global,3,Both,22,All Ages,571,Anxiety disorders,3,Rate,2019,592.1976745458846,718.8945235973406,479.9644501178323
6,Incidence,81,Germany,3,Both,22,All Ages,558,Mental disorders,1,Number,2018,4744583.684681785,5242814.966484274,4278799.70822104
6,Incidence,81,Germany,3,Both,22,All Ages,558,Mental disorders,2,Percent,2018,0.010832546063602467,0.012155470146990408,0.009550937671390796
6,Incidence,81,Germany,3,Both,22,All Ages,558,Mental disorders,3,Rate,2018,5607.294216023628,6196.119194222005,5056.816456392754
6,Incidence,75,Austria,3,Both,22,All Ages,558,Mental disorders,1,Number,2019,443963.17495268176,494666.35045722907,396315.2997989973
6,Incidence,75,Austria,3,Both,22,All Ages,558,Mental disorders,2,Percent,2019,0.009734122085967589,0.010974384033696964,0.00846299420895495
6,Incidence,75,Austria,3,Both,22,All Ages,558,Mental disorders,3,Rate,2019,4979.294961963711,5547.959393134749,4444.897430622731
6,Incidence,86,Italy,3,Both,22,All Ages,558,Mental disorders,1,Number,2018,3592608.4528000727,4006334.9758129693,3217274.007350017
6,Incidence,86,Italy,3,Both,22,All Ages,558,Mental disorders,2,Percent,2018,0.012402947187932872,0.013960940562048317,0.010902218817599457
6,Incidence,86,Italy,3,Both,22,All Ages,558,Mental disorders,3,Rate,2018,5941.580365086056,6625.815626998008,5320.839251567718
4,YLLs (Years of Life Lost),1,Global,3,Both,22,All Ages,558,Mental disorders,1,Number,2018,17093.517536726828,21147.076229385533,15329.946451075608
4,YLLs (Years of Life Lost),1,Global,3,Both,22,All Ages,558,Mental disorders,2,Percent,2018,1.0168600590802753e-05,1.2677938069893013e-05,8.992033909452259e-06
4,YLLs (Years of Life Lost),1,Global,3,Both,22,All Ages,558,Mental disorders,3,Rate,2018,0.22319477886532185,0.2761232141087801,0.20016734418843485
4,YLLs (Years of Life Lost),1,Global,3,Both,22,All Ages,558,Mental disorders,1,Number,2019,17361.457758223896,21459.753932998883,15518.468375354154
4,YLLs (Years of Life Lost),1,Global,3,Both,22,All Ages,558,Mental disorders,2,Percent,2019,1.036226260149746e-05,1.2959110309930841e-05,9.111856494775227e-06
4,YLLs (Years of Life Lost),1,Global,3,Both,22,All Ages,558,Mental disorders,3,Rate,2019,0.2243817400734425,0.27734865332683883,0.20056270538038495
4,YLLs (Years of Life Lost),1,Global,3,Both,22,All Ages,558,Mental disorders,1,Number,2016,16660.220222548403,20317.154295932083,15129.997836337501
4,YLLs (Years of Life Lost),1,Global,3,Both,22,All Ages,558,Mental disorders,2,Percent,2016,9.733548243768634e-06,1.2022275993329833e-05,8.6812994287948e-06
4,YLLs (Years of Life Lost),1,Global,3,Both,22,All Ages,558,Mental disorders,3,Rate,2016,0.22229740132017473,0.2710918908559226,0.20187963640754453
4,YLLs (Years of Life Lost),1,Global,3,Both,22,All Ages,558,Mental disorders,1,Number,2017,16842.42434918602,20619.95716486591,15175.26891722904
4,YLLs (Years of Life Lost),1,Global,3,Both,22,All Ages,558,Mental disorders,2,Percent,2017,9.947455749762993e-06,1.2324154055851237e-05,8.856634511193654e-06
4,YLLs (Years of Life Lost),1,Global,3,Both,22,All Ages,558,Mental disorders,3,Rate,2017,0.2222539460523285,0.27210256387720805,0.200254032871604
4,YLLs (Years of Life Lost),75,Austria,3,Both,22,All Ages,558,Mental disorders,1,Number,2016,229.0609380233262,287.31317890125666,182.72586549006695
4,YLLs (Years of Life Lost),75,Austria,3,Both,22,All Ages,558,Mental disorders,2,Percent,2016,0.00017811534256178223,0.00022397149176671836,0.00014272977184984583
4,YLLs (Years of Life Lost),75,Austria,3,Both,22,All Ages,558,Mental disorders,3,Rate,2016,2.6211609435582415,3.2877455650201033,2.0909453446473973
4,YLLs (Years of Life Lost),75,Austria,3,Both,22,All Ages,558,Mental disorders,1,Number,2017,234.8480565935791,297.83163144273004,184.08098090587373
4,YLLs (Years of Life Lost),75,Austria,3,Both,22,All Ages,558,Mental disorders,2,Percent,2017,0.00018440806871157378,0.00023477090645062415,0.00014590067614292628
4,YLLs (Years of Life Lost),75,Austria,3,Both,22,All Ages,558,Mental disorders,3,Rate,2017,2.6681738570767606,3.3837477062935206,2.0913950405307635
4,YLLs (Years of Life Lost),75,Austria,3,Both,22,All Ages,558,Mental disorders,1,Number,2018,230.10405358657016,293.4490026723444,179.4902144024824
4,YLLs (Years of Life Lost),75,Austria,3,Both,22,All Ages,558,Mental disorders,2,Percent,2018,0.00018050146516173746,0.00023074132828593632,0.00014066215695671886
4,YLLs (Years of Life Lost),75,Austria,3,Both,22,All Ages,558,Mental disorders,3,Rate,2018,2.596791218704332,3.311657406288999,2.0255993118711673
4,YLLs (Years of Life Lost),80,France,3,Both,22,All Ages,558,Mental disorders,1,Number,2018,825.9959768006328,1062.192467915269,642.3310014653803
4,YLLs (Years of Life Lost),80,France,3,Both,22,All Ages,558,Mental disorders,2,Percent,2018,9.046877312385633e-05,0.00011622763420958957,7.054766346721365e-05
4,YLLs (Years of Life Lost),80,France,3,Both,22,All Ages,558,Mental disorders,3,Rate,2018,1.2510486428987617,1.6087904575876968,0.9728707526974149
4,YLLs (Years of Life Lost),94,Switzerland,3,Both,22,All Ages,558,Mental disorders,1,Number,2017,265.55633923866617,334.85294703740396,204.62684587745795
4,YLLs (Years of Life Lost),94,Switzerland,3,Both,22,All Ages,558,Mental disorders,2,Percent,2017,0.00026298768430649944,0.0003332772962026404,0.0002029696234744189
4,YLLs (Years of Life Lost),94,Switzerland,3,Both,22,All Ages,558,Mental disorders,3,Rate,2017,3.0848809124032903,3.8898768816408977,2.3770829678644176
4,YLLs (Years of Life Lost),94,Switzerland,3,Both,22,All Ages,558,Mental disorders,1,Number,2016,269.46847576023055,338.18117770854315,209.70093907856992
4,YLLs (Years of Life Lost),94,Switzerland,3,Both,22,All Ages,558,Mental disorders,2,Percent,2016,0.0002694908215272204,0.0003379327304936414,0.0002093578806445785
4,YLLs (Years of Life Lost),94,Switzerland,3,Both,22,All Ages,558,Mental disorders,3,Rate,2016,3.1628004349019623,3.969293895750353,2.461298003211304
4,YLLs (Years of Life Lost),81,Germany,3,Both,22,All Ages,558,Mental disorders,1,Number,2019,1303.2702697769917,1629.9095724769752,995.4237433939355
4,YLLs (Years of Life Lost),81,Germany,3,Both,22,All Ages,558,Mental disorders,2,Percent,2019,8.796012811348533e-05,0.00011013319583734954,6.735129099083567e-05
4,YLLs (Years of Life Lost),81,Germany,3,Both,22,All Ages,558,Mental disorders,3,Rate,2019,1.534811000014373,1.919481475852621,1.172272050138857
4,YLLs (Years of Life Lost),86,Italy,3,Both,22,All Ages,558,Mental disorders,1,Number,2018,274.86947606445847,307.46324855502365,240.3458299961544
4,YLLs (Years of Life Lost),86,Italy,3,Both,22,All Ages,558,Mental disorders,2,Percent,2018,3.041817058616119e-05,3.3935682719094e-05,2.6547199999663296e-05
4,YLLs (Years of Life Lost),86,Italy,3,Both,22,All Ages,558,Mental disorders,3,Rate,2018,0.4545886654230847,0.5084933759414512,0.3974922630999365
4,YLLs (Years of Life Lost),80,France,3,Both,22,All Ages,558,Mental disorders,1,Number,2016,815.454512705039,1017.9786947564712,647.8756020892531
4,YLLs (Years of Life Lost),80,France,3,Both,22,All Ages,558,Mental disorders,2,Percent,2016,9.112128762457694e-05,0.00011370542685078997,7.249848505330633e-05
4,YLLs (Years of Life Lost),80,France,3,Both,22,All Ages,558,Mental disorders,3,Rate,2016,1.2431993012402296,1.5519570770423274,0.9877172586072763
4,YLLs (Years of Life Lost),80,France,3,Both,22,All Ages,558,Mental disorders,1,Number,2019,833.3019509314007,1079.0755549299472,640.68821612728
4,YLLs (Years of Life Lost),80,France,3,Both,22,All Ages,558,Mental disorders,2,Percent,2019,8.963915638508823e-05,0.00011609932588889057,6.857473867120549e-05
4,YLLs (Years of Life Lost),80,France,3,Both,22,All Ages,558,Mental disorders,3,Rate,2019,1.258682234504694,1.62991725767654,0.9677438947485413
4,YLLs (Years of Life Lost),86,Italy,3,Both,22,All Ages,558,Mental disorders,1,Number,2019,278.2185870057888,313.59150690237567,240.64068515227288
4,YLLs (Years of Life Lost),86,Italy,3,Both,22,All Ages,558,Mental disorders,2,Percent,2019,3.0489055699531903e-05,3.4217900044580506e-05,2.6415738453263213e-05
4,YLLs (Years of Life Lost),86,Italy,3,Both,22,All Ages,558,Mental disorders,3,Rate,2019,0.46128994251505484,0.5199386919077283,0.3989853050988493
4,YLLs (Years of Life Lost),75,Austria,3,Both,22,All Ages,558,Mental disorders,1,Number,2019,228.29848855464354,297.1117694078112,175.846906885167
4,YLLs (Years of Life Lost),75,Austria,3,Both,22,All Ages,558,Mental disorders,2,Percent,2019,0.00017728763968861394,0.00022878561611335753,0.00013529432831409626
4,YLLs (Years of Life Lost),75,Austria,3,Both,22,All Ages,558,Mental disorders,3,Rate,2019,2.560495054584706,3.3322744317929427,1.9722212717834893
4,YLLs (Years of Life Lost),86,Italy,3,Both,22,All Ages,558,Mental disorders,1,Number,2016,260.0660714190158,284.8464315159086,233.93000166122047
4,YLLs (Years of Life Lost),86,Italy,3,Both,22,All Ages,558,Mental disorders,2,Percent,2016,2.9397116960372878e-05,3.21914794555975e-05,2.644393331580403e-05
4,YLLs (Years of Life Lost),86,Italy,3,Both,22,All Ages,558,Mental disorders,3,Rate,2016,0.4285084547157387,0.46933882430020674,0.3854442948922488
4,YLLs (Years of Life Lost),80,France,3,Both,22,All Ages,558,Mental disorders,1,Number,2017,818.5131659979103,1033.5184128721137,646.9934219195851
4,YLLs (Years of Life Lost),80,France,3,Both,22,All Ages,558,Mental disorders,2,Percent,2017,9.038330236819586e-05,0.00011362382160157278,7.161326825925631e-05
4,YLLs (Years of Life Lost),80,France,3,Both,22,All Ages,558,Mental disorders,3,Rate,2017,1.2435255112503354,1.5701720707040074,0.9829442691826061
4,YLLs (Years of Life Lost),86,Italy,3,Both,22,All Ages,558,Mental disorders,1,Number,2017,271.3437537466749,300.5982294412966,240.20670195288108
4,YLLs (Years of Life Lost),86,Italy,3,Both,22,All Ages,558,Mental disorders,2,Percent,2017,3.049831631269441e-05,3.379532142748451e-05,2.7008368586205238e-05
4,YLLs (Years of Life Lost),86,Italy,3,Both,22,All Ages,558,Mental disorders,3,Rate,2017,0.44782159931309923,0.4961027405287635,0.3964334831701736
4,YLLs (Years of Life Lost),94,Switzerland,3,Both,22,All Ages,558,Mental disorders,1,Number,2019,267.2546285991578,347.9902912215375,196.98471861582937
4,YLLs (Years of Life Lost),94,Switzerland,3,Both,22,All Ages,558,Mental disorders,2,Percent,2019,0.00025777455288840206,0.0003366810051627439,0.00019056590364690062
4,YLLs (Years of Life Lost),94,Switzerland,3,Both,22,All Ages,558,Mental disorders,3,Rate,2019,3.0455660559686035,3.965609218093385,2.2447879601019087
4,YLLs (Years of Life Lost),81,Germany,3,Both,22,All Ages,558,Mental disorders,1,Number,2017,1281.3231344786489,1571.7489640273175,1008.6119446587786
4,YLLs (Years of Life Lost),81,Germany,3,Both,22,All Ages,558,Mental disorders,2,Percent,2017,8.804880228740877e-05,0.00010798936624762191,6.948904403368741e-05
4,YLLs (Years of Life Lost),81,Germany,3,Both,22,All Ages,558,Mental disorders,3,Rate,2017,1.523276947189471,1.8685442409075965,1.1990693702598278
4,YLLs (Years of Life Lost),81,Germany,3,Both,22,All Ages,558,Mental disorders,1,Number,2018,1290.0975517182253,1600.9192898115323,1002.1951170511071
4,YLLs (Years of Life Lost),81,Germany,3,Both,22,All Ages,558,Mental disorders,2,Percent,2018,8.801691708264835e-05,0.0001089861445583048,6.866899215225491e-05
4,YLLs (Years of Life Lost),81,Germany,3,Both,22,All Ages,558,Mental disorders,3,Rate,2018,1.524676772634693,1.892015416033899,1.184424863515648
4,YLLs (Years of Life Lost),81,Germany,3,Both,22,All Ages,558,Mental disorders,1,Number,2016,1268.4353988856365,1547.3185997015973,1003.9386421193169
4,YLLs (Years of Life Lost),81,Germany,3,Both,22,All Ages,558,Mental disorders,2,Percent,2016,8.723088929045581e-05,0.00010618046912526978,6.888365624857267e-05
4,YLLs (Years of Life Lost),81,Germany,3,Both,22,All Ages,558,Mental disorders,3,Rate,2016,1.5195345446698438,1.8536253922922348,1.2026780778662098
4,YLLs (Years of Life Lost),94,Switzerland,3,Both,22,All Ages,558,Mental disorders,1,Number,2018,265.8728198199207,340.6087021426822,202.05943929988683
4,YLLs (Years of Life Lost),94,Switzerland,3,Both,22,All Ages,558,Mental disorders,2,Percent,2018,0.00025993733216077915,0.00033488800316440476,0.0001976110052037329
4,YLLs (Years of Life Lost),94,Switzerland,3,Both,22,All Ages,558,Mental disorders,3,Rate,2018,3.058307142699457,3.9179861534327003,2.3242685238725933
5,Prevalence,1,Global,3,Both,22,All Ages,571,Anxiety disorders,1,Number,2017,293548356.29558116,347494948.9218059,246005455.1215516
5,Prevalence,1,Global,3,Both,22,All Ages,571,Anxiety disorders,2,Percent,2017,0.04029899680031772,0.0476197970408425,0.033801414789932975
5,Prevalence,1,Global,3,Both,22,All Ages,571,Anxiety disorders,3,Rate,2017,3873.687017452504,4585.570463604682,3246.307183431481
5,Prevalence,1,Global,3,Both,22,All Ages,558,Mental disorders,1,Number,2017,948318345.5189404,1020471223.8102119,880454990.482408
5,Prevalence,1,Global,3,Both,22,All Ages,558,Mental disorders,2,Percent,2017,0.13018729833811618,0.14002587535650968,0.12109588671883599
5,Prevalence,1,Global,3,Both,22,All Ages,558,Mental disorders,3,Rate,2017,12514.082891848424,13466.21790440934,11618.552762900663
5,Prevalence,1,Global,3,Both,22,All Ages,571,Anxiety disorders,1,Number,2016,288720795.36090904,341484612.6383895,242096565.0036982
5,Prevalence,1,Global,3,Both,22,All Ages,571,Anxiety disorders,2,Percent,2016,0.040084845912626135,0.04734097086522639,0.03366762662967859
5,Prevalence,1,Global,3,Both,22,All Ages,571,Anxiety disorders,3,Rate,2016,3852.4030089925513,4556.430885445334,3230.2956713636254
5,Prevalence,1,Global,3,Both,22,All Ages,558,Mental disorders,1,Number,2016,936289745.9746596,1007237624.5063846,869798392.8923094
5,Prevalence,1,Global,3,Both,22,All Ages,558,Mental disorders,2,Percent,2016,0.12999069141521666,0.13975481831370995,0.1209516690657023
5,Prevalence,1,Global,3,Both,22,All Ages,558,Mental disorders,3,Rate,2016,12492.918738925066,13439.576635165615,11605.724283928379
5,Prevalence,1,Global,3,Both,22,All Ages,558,Mental disorders,1,Number,2018,959438271.8823391,1032282420.8865571,891816315.4697547
5,Prevalence,1,Global,3,Both,22,All Ages,558,Mental disorders,2,Percent,2018,0.13030142447745027,0.1401324264318868,0.12119211797427373
5,Prevalence,1,Global,3,Both,22,All Ages,558,Mental disorders,3,Rate,2018,12527.650465599272,13478.796635116252,11644.691906863836
5,Prevalence,80,France,3,Both,22,All Ages,571,Anxiety disorders,1,Number,2017,4311625.868019564,5361220.929842701,3492337.623748284
5,Prevalence,80,France,3,Both,22,All Ages,571,Anxiety disorders,2,Percent,2017,0.06978265437333875,0.0866874211412758,0.05665346347067103
5,Prevalence,80,France,3,Both,22,All Ages,571,Anxiety disorders,3,Rate,2017,6550.434354116294,8145.0308616363445,5305.731305782636
5,Prevalence,1,Global,3,Both,22,All Ages,571,Anxiety disorders,1,Number,2018,297561347.08883893,352088669.0397571,249417261.18556917
5,Prevalence,1,Global,3,Both,22,All Ages,571,Anxiety disorders,2,Percent,2018,0.04041184074452849,0.04770191230271938,0.033895977520776444
5,Prevalence,1,Global,3,Both,22,All Ages,571,Anxiety disorders,3,Rate,2018,3885.3406807384404,4597.318981214318,3256.7100560723497
5,Prevalence,81,Germany,3,Both,22,All Ages,558,Mental disorders,1,Number,2016,12486844.067994352,13671121.946533881,11405495.297394633
5,Prevalence,81,Germany,3,Both,22,All Ages,558,Mental disorders,2,Percent,2016,0.15711729260367996,0.17210496504533965,0.14328660753293254
5,Prevalence,81,Germany,3,Both,22,All Ages,558,Mental disorders,3,Rate,2016,14958.736512630121,16377.45373584078,13663.324217131198
5,Prevalence,94,Switzerland,3,Both,22,All Ages,558,Mental disorders,1,Number,2016,1397081.759639153,1512516.530763525,1285078.4083039367
5,Prevalence,94,Switzerland,3,Both,22,All Ages,558,Mental disorders,2,Percent,2016,0.17391495114184646,0.18819428866458177,0.1600841703404113
5,Prevalence,94,Switzerland,3,Both,22,All Ages,558,Mental disorders,3,Rate,2016,16397.80231997153,17752.681191368087,15083.198645778855
5,Prevalence,86,Italy,3,Both,22,All Ages,558,Mental disorders,1,Number,2017,9056491.1219621,9674840.235640043,8496523.807479862
5,Prevalence,86,Italy,3,Both,22,All Ages,558,Mental disorders,2,Percent,2017,0.15523926851430275,0.16556106545812319,0.1454006105789078
5,Prevalence,86,Italy,3,Both,22,All Ages,558,Mental disorders,3,Rate,2017,14946.695040521648,15967.20900186242,14022.533511568192
5,Prevalence,94,Switzerland,3,Both,22,All Ages,571,Anxiety disorders,1,Number,2016,612089.5797223594,732852.6434204482,509398.7080064916
5,Prevalence,94,Switzerland,3,Both,22,All Ages,571,Anxiety disorders,2,Percent,2016,0.07619522777865391,0.09131960105653325,0.06312047444436224
5,Prevalence,94,Switzerland,3,Both,22,All Ages,571,Anxiety disorders,3,Rate,2016,7184.2065513718435,8601.62456031275,5978.905141598026
5,Prevalence,86,Italy,3,Both,22,All Ages,571,Anxiety disorders,1,Number,2016,3591225.496323497,4129331.347416807,3110458.6850551455
5,Prevalence,86,Italy,3,Both,22,All Ages,571,Anxiety disorders,2,Percent,2016,0.061582149422419546,0.07063986485724687,0.05330018572288931
5,Prevalence,86,Italy,3,Both,22,All Ages,571,Anxiety disorders,3,Rate,2016,5917.228954814067,6803.860976697379,5125.073937240518
5,Prevalence,86,Italy,3,Both,22,All Ages,558,Mental disorders,1,Number,2016,9067763.409352653,9666444.60507931,8498301.824516134
5,Prevalence,86,Italy,3,Both,22,All Ages,558,Mental disorders,2,Percent,2016,0.15549368389906804,0.16558269871511805,0.14567077719464974
5,Prevalence,86,Italy,3,Both,22,All Ages,558,Mental disorders,3,Rate,2016,14940.869699258708,15927.311154879675,14002.573125596426
5,Prevalence,80,France,3,Both,22,All Ages,558,Mental disorders,1,Number,2019,10431110.577895058,11387267.93686146,9567696.678005705
5,Prevalence,80,France,3,Both,22,All Ages,558,Mental disorders,2,Percent,2019,0.16769453845716578,0.18329156945968325,0.15403752331882953
5,Prevalence,80,France,3,Both,22,All Ages,558,Mental disorders,3,Rate,2019,15755.93763566186,17200.18996193658,14451.772038064924
5,Prevalence,1,Global,3,Both,22,All Ages,558,Mental disorders,1,Number,2019,970070243.2111342,1044361549.8716123,900916247.0796831
5,Prevalence,1,Global,3,Both,22,All Ages,558,Mental disorders,2,Percent,2019,0.13037324442153692,0.14013396953520063,0.12118858140472102
5,Prevalence,1,Global,3,Both,22,All Ages,558,Mental disorders,3,Rate,2019,12537.314100947344,13497.464619005754,11643.55885290909
5,Prevalence,75,Austria,3,Both,22,All Ages,558,Mental disorders,1,Number,2016,1317654.1025194288,1441207.238788823,1208760.2559118634
5,Prevalence,75,Austria,3,Both,22,All Ages,558,Mental disorders,2,Percent,2016,0.15859268423483297,0.1731186810713979,0.1453692144160429
5,Prevalence,75,Austria,3,Both,22,All Ages,558,Mental disorders,3,Rate,2016,15078.011556433512,16491.83906468586,13831.931364041619
5,Prevalence,1,Global,3,Both,22,All Ages,571,Anxiety disorders,1,Number,2019,301390390.8486138,356004349.12585795,252625879.0006677
5,Prevalence,1,Global,3,Both,22,All Ages,571,Anxiety disorders,2,Percent,2019,0.04050554870496629,0.047799741215632546,0.03393756944867855
5,Prevalence,1,Global,3,Both,22,All Ages,571,Anxiety disorders,3,Rate,2019,3895.2086444465303,4601.046550525684,3264.969745464033
5,Prevalence,75,Austria,3,Both,22,All Ages,571,Anxiety disorders,1,Number,2016,547856.578339051,675619.7056818766,441263.68011899065
5,Prevalence,75,Austria,3,Both,22,All Ages,571,Anxiety disorders,2,Percent,2016,0.06593971624963035,0.08106897231455366,0.05304463290963396
5,Prevalence,75,Austria,3,Both,22,All Ages,571,Anxiety disorders,3,Rate,2016,6269.162600161622,7731.165341911373,5049.412327216139
5,Prevalence,81,Germany,3,Both,22,All Ages,571,Anxiety disorders,1,Number,2019,5722473.999570171,6995818.03642517,4633032.685303716
5,Prevalence,81,Germany,3,Both,22,All Ages,571,Anxiety disorders,2,Percent,2019,0.07073906332078368,0.08608830841991207,0.057442419387705
5,Prevalence,81,Germany,3,Both,22,All Ages,571,Anxiety disorders,3,Rate,2019,6739.136344558385,8238.704377290514,5456.143436807647
5,Prevalence,75,Austria,3,Both,22,All Ages,571,Anxiety disorders,1,Number,2017,553077.3029997012,683848.6411773028,445730.9972788929
5,Prevalence,75,Austria,3,Both,22,All Ages,571,Anxiety disorders,2,Percent,2017,0.06610959180520118,0.08142565613059478,0.053304625503368196
5,Prevalence,75,Austria,3,Both,22,All Ages,571,Anxiety disorders,3,Rate,2017,6283.664519992771,7769.393935179088,5064.073390594165
5,Prevalence,80,France,3,Both,22,All Ages,571,Anxiety disorders,1,Number,2019,4353885.303544081,5406095.879801132,3505722.9810564923
5,Prevalence,80,France,3,Both,22,All Ages,571,Anxiety disorders,2,Percent,2019,0.06999426208332118,0.086753711333461,0.05642567928532715
5,Prevalence,80,France,3,Both,22,All Ages,571,Anxiety disorders,3,Rate,2019,6576.437360451056,8165.775724308701,5295.308897835401
5,Prevalence,94,Switzerland,3,Both,22,All Ages,571,Anxiety disorders,1,Number,2019,626924.5333108781,750046.5703750997,517048.78512331133
5,Prevalence,94,Switzerland,3,Both,22,All Ages,571,Anxiety disorders,2,Percent,2019,0.0755983598365797,0.09030451657398945,0.06235714828212885
5,Prevalence,94,Switzerland,3,Both,22,All Ages,571,Anxiety disorders,3,Rate,2019,7144.273191127009,8547.340740564705,5892.156994643438
5,Prevalence,80,France,3,Both,22,All Ages,558,Mental disorders,1,Number,2016,10315682.057247998,11269342.48447545,9482512.276565876
5,Prevalence,80,France,3,Both,22,All Ages,558,Mental disorders,2,Percent,2016,0.16761183169603147,0.182825581268559,0.15397608990014716
5,Prevalence,80,France,3,Both,22,All Ages,558,Mental disorders,3,Rate,2016,15726.749347239038,17180.6501574961,14456.542274961603
5,Prevalence,80,France,3,Both,22,All Ages,571,Anxiety disorders,1,Number,2016,4295311.808673858,5366180.112921238,3494138.0028721537
5,Prevalence,80,France,3,Both,22,All Ages,571,Anxiety disorders,2,Percent,2016,0.06979092851387017,0.08694609625080209,0.056676645553607484
5,Prevalence,80,France,3,Both,22,All Ages,571,Anxiety disorders,3,Rate,2016,6548.407735752858,8180.997545262202,5326.980053366693
5,Prevalence,75,Austria,3,Both,22,All Ages,571,Anxiety disorders,1,Number,2019,559732.7140911467,687687.0611750473,454516.60882594675
5,Prevalence,75,Austria,3,Both,22,All Ages,571,Anxiety disorders,2,Percent,2019,0.06607740955120299,0.08117384909150362,0.05353826435321353
5,Prevalence,75,Austria,3,Both,22,All Ages,571,Anxiety disorders,3,Rate,2019,6277.715001063706,7712.794466526417,5097.657616979335
5,Prevalence,86,Italy,3,Both,22,All Ages,571,Anxiety disorders,1,Number,2019,3580037.4415786625,4100315.8869839115,3100781.5895950682
5,Prevalence,86,Italy,3,Both,22,All Ages,571,Anxiety disorders,2,Percent,2019,0.06151773597140763,0.07032255864887801,0.053286912005118287
5,Prevalence,86,Italy,3,Both,22,All Ages,571,Anxiety disorders,3,Rate,2019,5935.747440170866,6798.3756950107045,5141.135165014295
5,Prevalence,94,Switzerland,3,Both,22,All Ages,558,Mental disorders,1,Number,2019,1434124.180254337,1559783.226019165,1319164.1853467887
5,Prevalence,94,Switzerland,3,Both,22,All Ages,558,Mental disorders,2,Percent,2019,0.17293684416291655,0.1876930176468615,0.15920517073509896
5,Prevalence,94,Switzerland,3,Both,22,All Ages,558,Mental disorders,3,Rate,2019,16342.91591625655,17774.8945742605,15032.860931914716
5,Prevalence,80,France,3,Both,22,All Ages,558,Mental disorders,1,Number,2017,10359039.952810735,11307502.260216156,9496832.469866361
5,Prevalence,80,France,3,Both,22,All Ages,558,Mental disorders,2,Percent,2017,0.16765966932761314,0.18273550201110664,0.15387238599498773
5,Prevalence,80,France,3,Both,22,All Ages,558,Mental disorders,3,Rate,2017,15737.963649829084,17178.91429633465,14428.055580451735
5,Prevalence,81,Germany,3,Both,22,All Ages,558,Mental disorders,1,Number,2019,12609726.36140328,13799191.917865865,11513219.017811941
5,Prevalence,81,Germany,3,Both,22,All Ages,558,Mental disorders,2,Percent,2019,0.1558776831818122,0.1707059326366022,0.14212053447219342
5,Prevalence,81,Germany,3,Both,22,All Ages,558,Mental disorders,3,Rate,2019,14849.98712505321,16250.774714959163,13558.672827805798
5,Prevalence,75,Austria,3,Both,22,All Ages,558,Mental disorders,1,Number,2019,1344131.3577847756,1472828.8074620941,1233426.1187977989
5,Prevalence,75,Austria,3,Both,22,All Ages,558,Mental disorders,2,Percent,2019,0.15867779205207092,0.17374352751733171,0.14573402664296892
5,Prevalence,75,Austria,3,Both,22,All Ages,558,Mental disorders,3,Rate,2019,15075.183879267706,16518.5976553408,13833.562794794669
5,Prevalence,81,Germany,3,Both,22,All Ages,558,Mental disorders,1,Number,2017,12560603.143719453,13806549.451843683,11453523.680612836
5,Prevalence,81,Germany,3,Both,22,All Ages,558,Mental disorders,2,Percent,2017,0.15670709048976367,0.17190754789930268,0.14285110778514462
5,Prevalence,81,Germany,3,Both,22,All Ages,558,Mental disorders,3,Rate,2017,14932.437179016917,16413.657050516154,13616.306548515675
5,Prevalence,80,France,3,Both,22,All Ages,558,Mental disorders,1,Number,2018,10396566.664697658,11351391.37017805,9537880.448330605
5,Prevalence,80,France,3,Both,22,All Ages,558,Mental disorders,2,Percent,2018,0.16767005635990875,0.18277297750962687,0.15416118182524663
5,Prevalence,80,France,3,Both,22,All Ages,558,Mental disorders,3,Rate,2018,15746.578654118412,17192.750530916517,14446.017566856402
5,Prevalence,86,Italy,3,Both,22,All Ages,558,Mental disorders,1,Number,2019,9065824.862925202,9665209.345166698,8507351.591255352
5,Prevalence,86,Italy,3,Both,22,All Ages,558,Mental disorders,2,Percent,2019,0.15578331313626081,0.16593982068032187,0.14612552402379905
5,Prevalence,86,Italy,3,Both,22,All Ages,558,Mental disorders,3,Rate,2019,15031.252494224298,16025.039560477508,14105.296733477735
5,Prevalence,81,Germany,3,Both,22,All Ages,558,Mental disorders,1,Number,2018,12603399.27234883,13830102.704931594,11521451.156087132
5,Prevalence,81,Germany,3,Both,22,All Ages,558,Mental disorders,2,Percent,2018,0.156341114440103,0.1713853251625448,0.14283482439300665
5,Prevalence,81,Germany,3,Both,22,All Ages,558,Mental disorders,3,Rate,2018,14895.083012287063,16344.838674623741,13616.40361330439
5,Prevalence,94,Switzerland,3,Both,22,All Ages,558,Mental disorders,1,Number,2017,1408993.7465310034,1527329.764410966,1296266.3435378976
5,Prevalence,94,Switzerland,3,Both,22,All Ages,558,Mental disorders,2,Percent,2017,0.1736830651712462,0.18775630106419994,0.159860361049341
5,Prevalence,94,Switzerland,3,Both,22,All Ages,558,Mental disorders,3,Rate,2017,16367.818319948441,17742.489035226008,15058.301044649324
5,Prevalence,80,France,3,Both,22,All Ages,571,Anxiety disorders,1,Number,2018,4331537.256714028,5367733.897554171,3521584.296000139
5,Prevalence,80,France,3,Both,22,All Ages,571,Anxiety disorders,2,Percent,2018,0.06985617270778285,0.08636375010527557,0.05670155487507564
5,Prevalence,80,France,3,Both,22,All Ages,571,Anxiety disorders,3,Rate,2018,6560.520824407687,8129.938155373946,5333.770839210698
5,Prevalence,81,Germany,3,Both,22,All Ages,571,Anxiety disorders,1,Number,2016,5645053.210900715,6977059.604998698,4588990.306314579
5,Prevalence,81,Germany,3,Both,22,All Ages,571,Anxiety disorders,2,Percent,2016,0.07102912715140584,0.08775235317438869,0.057858514488439323
5,Prevalence,81,Germany,3,Both,22,All Ages,571,Anxiety disorders,3,Rate,2016,6762.54649468076,8358.2365324479,5497.425648737159
5,Prevalence,75,Austria,3,Both,22,All Ages,558,Mental disorders,1,Number,2017,1327472.539473581,1456706.408747513,1216715.8597196152
5,Prevalence,75,Austria,3,Both,22,All Ages,558,Mental disorders,2,Percent,2017,0.1586742175705787,0.17382803921657025,0.14525564371443467
5,Prevalence,75,Austria,3,Both,22,All Ages,558,Mental disorders,3,Rate,2017,15081.783418545652,16550.04522342111,13823.446084600544
5,Prevalence,94,Switzerland,3,Both,22,All Ages,558,Mental disorders,1,Number,2018,1421468.8101045897,1539306.9610815311,1309137.8375218723
5,Prevalence,94,Switzerland,3,Both,22,All Ages,558,Mental disorders,2,Percent,2018,0.17335101663435334,0.18817815552640568,0.1598171354052702
5,Prevalence,94,Switzerland,3,Both,22,All Ages,558,Mental disorders,3,Rate,2018,16351.00653768159,17706.486421106198,15058.875149340398
5,Prevalence,75,Austria,3,Both,22,All Ages,558,Mental disorders,1,Number,2018,1335927.1490987276,1461210.1737948642,1226503.330705826
5,Prevalence,75,Austria,3,Both,22,All Ages,558,Mental disorders,2,Percent,2018,0.15864932917755145,0.1732935514449816,0.14563523050570162
5,Prevalence,75,Austria,3,Both,22,All Ages,558,Mental disorders,3,Rate,2018,15076.326711919995,16490.182110435373,13841.447072509905
5,Prevalence,94,Switzerland,3,Both,22,All Ages,571,Anxiety disorders,1,Number,2017,615703.631806208,739287.2749724181,509423.60134061234
5,Prevalence,94,Switzerland,3,Both,22,All Ages,571,Anxiety disorders,2,Percent,2017,0.07589583269541507,0.09089984811338611,0.06272623449400712
5,Prevalence,94,Switzerland,3,Both,22,All Ages,571,Anxiety disorders,3,Rate,2017,7152.427190786466,8588.05784822697,5917.806927934094
5,Prevalence,94,Switzerland,3,Both,22,All Ages,571,Anxiety disorders,1,Number,2018,620960.7675323711,737703.6557768642,516730.7948015388
5,Prevalence,94,Switzerland,3,Both,22,All Ages,571,Anxiety disorders,2,Percent,2018,0.07572689893626565,0.09037457453320849,0.06294451081854753
5,Prevalence,94,Switzerland,3,Both,22,All Ages,571,Anxiety disorders,3,Rate,2018,7142.846538306043,8485.727729468503,5943.9001010508955
5,Prevalence,75,Austria,3,Both,22,All Ages,571,Anxiety disorders,1,Number,2018,556707.4969614107,685417.0379788874,450160.1471408146
5,Prevalence,75,Austria,3,Both,22,All Ages,571,Anxiety disorders,2,Percent,2018,0.0661120215585732,0.08134830336453847,0.053384673672832186
5,Prevalence,75,Austria,3,Both,22,All Ages,571,Anxiety disorders,3,Rate,2018,6282.606138237235,7735.1307707592,5080.188283889231
5,Prevalence,86,Italy,3,Both,22,All Ages,558,Mental disorders,1,Number,2018,9056172.877524225,9657411.703108734,8491553.365092607
5,Prevalence,86,Italy,3,Both,22,All Ages,558,Mental disorders,2,Percent,2018,0.15540871104188234,0.16554471022666475,0.14569155608257728
5,Prevalence,86,Italy,3,Both,22,All Ages,558,Mental disorders,3,Rate,2018,14977.412556602148,15971.76216295462,14043.625239424986
5,Prevalence,81,Germany,3,Both,22,All Ages,571,Anxiety disorders,1,Number,2018,5703030.644721605,7026044.17504828,4667094.62431737
5,Prevalence,81,Germany,3,Both,22,All Ages,571,Anxiety disorders,2,Percent,2018,0.07074387169695572,0.08670592785294401,0.05784179050900887
5,Prevalence,81,Germany,3,Both,22,All Ages,571,Anxiety disorders,3,Rate,2018,6740.016168583551,8303.594052197024,5515.715272777393
5,Prevalence,81,Germany,3,Both,22,All Ages,571,Anxiety disorders,1,Number,2017,5675447.989002259,7080522.790352863,4625511.91369394
5,Prevalence,81,Germany,3,Both,22,All Ages,571,Anxiety disorders,2,Percent,2017,0.07080700535295435,0.08816905847638916,0.05760992574349692
5,Prevalence,81,Germany,3,Both,22,All Ages,571,Anxiety disorders,3,Rate,2017,6747.149765728401,8417.546558216709,5498.952978748118
5,Prevalence,86,Italy,3,Both,22,All Ages,571,Anxiety disorders,1,Number,2017,3581587.416531926,4123228.596110929,3110573.0053962567
5,Prevalence,86,Italy,3,Both,22,All Ages,571,Anxiety disorders,2,Percent,2017,0.061392719504859604,0.07051791095740785,0.05337931408207807
5,Prevalence,86,Italy,3,Both,22,All Ages,571,Anxiety disorders,3,Rate,2017,5910.99733384098,6804.913688810235,5133.642322045806
5,Prevalence,86,Italy,3,Both,22,All Ages,571,Anxiety disorders,1,Number,2018,3579007.8709816765,4108686.44376483,3099346.748622981
5,Prevalence,86,Italy,3,Both,22,All Ages,571,Anxiety disorders,2,Percent,2018,0.06141759032444867,0.07029191114360188,0.05319852465168213
5,Prevalence,86,Italy,3,Both,22,All Ages,571,Anxiety disorders,3,Rate,2018,5919.0872515314895,6795.088031800857,5125.807064184514
